actor_name,drama_num
Jung Hae In,7
Koo Kyo Hwan,3
Kim Sung Kyun,6
Son Suk Ku,7
Lee Sung Min,6
Jung Jin Young,12
Kyung Soo Jin,8
Lee Hak Joo,4
Kim Shin Rok,2
Park Gyu Young,3
Kang Min Hyuk,5
Lee Chung Ah,6
Lee Dong Gun,7
Jeon Hyo Sung,2
Kim Myung Soo,7
Choi Jin Hyuk,7
Choi Min Soo,5
Yeonwoo,5
Kim Yoo Ri,3
Kim Tae Ri,3
Oh Jung Se,7
Hong Kyung,1
Kim Tae Hee,3
Im Ji Yeon,8
Kim Sung Oh,3
Choi Jae Rim,1
Lee Jun Ho,6
Im Yoon Ah,5
Shin Hye Sun,8
Ahn Bo Hyun,7
Ha Yoon Kyung,1
Ahn Dong Goo,1
Woo Do Hwan,7
Lee Sang Yi,3
Heo Joon Ho,7
Park Sung Woong,9
Cha Sun Woo,3
Ha Seung Ri,2
Choi Yoo Jung,2
Kim Jong Hyeon,2
Lee Eun Saem,1
Yeri,2
Lee Jong Hyuk,6
Yoo Jung Hoo,2
Lee El,4
Jin Seo Yun,3
Cha Ye Ryun,5
Park  Hyo Joo,2
Woo Jeong Won,1
Chun Woo Hee,3
Kim Dong Wook,9
Yoon Park,11
Park So Jin,3
Song  Ha Yoon,5
Lee Dong Hae,1
Lee Min Jae,1
Jung Woo Yeon,2
Kim Woo Bin,2
Song Seung Heon,7
Kang Yoo Seok,3
Esom,5
Lee Yun Hee,6
Hong Jong Hyun,5
Moon So Ri,4
U-Know,3
Lee Hyun Joo,2
Lee Dong Wook,8
Kim So Yeon,8
Kim Bum,6
Ryu Kyung Soo,2
Oh Se Hun,2
Jang Yeo Bin,1
Jo Joon Young,1
Jin Ki Joo,5
Han Seok Kyu,4
Lee Sung Kyung,9
Ahn Hyo Seop,6
Kim Joo Heon,5
Ra Mi Ran,6
Lee Do Hyun,7
Ahn Eun Jin,3
Yoo In Soo,1
Kim Sun Ah,7
Oh Yoon Ah,6
Shin Eun Jung,1
Yoo  Sun,7
Jang Hyuk,10
Jang Na Ra,8
Chae Jung An,7
Kim Nam Hee,2
Uhm Jung Hwa,3
Kim Byung Chul,4
Myung Se Bin,3
Min Woo Hyuk,2
Kim Hee Ae,4
Kim Jae Won,5
Jo Han Chul,1
Joo Won,4
Lee Joo Woo,2
Choi Hwa Jung,1
Lee Deok Hwa,3
Yoo In Na,6
Yoon Hyun Min,10
Joo Sang Wook,8
Hwang Chan Sung,2
Kim Seo Hyung,4
Seo Young Hee,1
Lee Shi Woo,1
Bona,4
Cha Hak Yeon,4
Shin Hyun Soo,4
Lee Soon Won,1
Shin Ye Eun,5
Ryeoun,2
Kang Hoon,4
Jung Gun Joo,5
Cha Seo Won,3
Gongchan,1
Shin Go Eun,2
Choi Yoon Young,3
Lee Chae Young,2
Lee Sun Ho,2
Han Ki Woong,2
Lee Eun Hyung,4
Lee Ji Ah,5
Lee Sang Yoon,7
Jang Hee Jin,5
Park Ki Woong,4
Bong Tae Kyu,3
Song Hye Kyo,5
Yeom Hye Ran,3
Park Sung Hoon,5
Jung Sung Il,2
Jang Dong Yoon,7
Seol In Ah,4
Choo Young Woo,3
Cho Seung Woo,5
Han Hye Jin,2
Jung Moon Sung,4
Yoon Chan Young,2
Bang Min Ah,3
Kim Min Seok,3
Kim Nam Gil,5
Lee Da Hee,7
Cha Eun Woo,6
Sung Joon,6
Kim Young Kwang,9
Ahn Hee Yeon,3
Kim Ye Won,3
Kim Eui Sung,3
Lee Je Hoon,6
Pyo Ye Jin,5
Choi Min Shik,2
Lee Dong Hwi,6
Kim Min Gue,5
Go Bo Gyeol,2
Lee Jang Woo,4
Go Won Hee,11
Kim Ok Bin,6
Yoo Teo,1
Kim Ji Hoon,7
Park Hyung Sik,6
Jeon So Nee,3
Yoon Jong Seok,1
Lee Tae Sun,2
Heo Won Seo,1
Kim Jung Hyun,7
Im Soo Hyang,8
Kim Da Som,5
Ahn Woo Yeon,3
Kang So Ra,4
Jang Seung Jo,9
Jeon Do Yeon,3
Jung Kyung Ho,9
Kim Min Jae,8
Kim Hyang Gi,4
Kim Sang Kyung,6
Kang Young Seok,1
Woo Da Vi,2
Lee Bo Young,5
Jo Sung Ha,5
Son Na Eun,4
Han Joon Woo,2
Jeon Hye Jin,4
Lee Sun Kyun,4
Moon Chae Won,5
Park Hoon,4
Ye Ji Won,6
Jung Yong Hwa,3
Cha Tae Hyun,6
Kwak Sun Young,4
Chae Soo Bin,10
Choi Min Ho,3
Lee Sang Woon,1
Park Hee Jung,1
Yoo Yeon Seok,7
Mun Ka Young,6
Geum Sae Rok,4
Jung Ga Ram,3
Kim Hyun Joo,7
Park Hee Soon,5
Kim Mu Yeol,5
Jung Soo Bin,2
Go Soo,5
Ahn So Hee,3
Ha Joon,7
Lee Jung Eun,6
Kim Dong Hwi,1
Seo Ji Hye,8
Hong Soo Hyun,2
Lee Sang Woo,8
Lee Sung Jae,4
Park Young Woon,1
Park Jeong Woo,1
Jang You Sung,1
Lee Jae Wook,5
Go Youn Jung,1
Hwang Min Hyun,3
Shin Seung Ho,4
Yoo  Joon Sang,8
Oh Na Ra,6
Yoo Ji Tae,6
Park Hae Soo,6
Jeon Jong Seo,3
Lee Won Jong,3
Jang Yoon Ju,2
Kim Woo Seok,4
Kim Young Dae,4
Park Ju Hyun,5
Lee Sun Bin,6
Han Sun Hwa,6
Jung Eun Ji,4
Choi Si Won,6
Chae Jong Hyeop,5
Seo Eun Soo,5
Kim Seol Hyun,5
Yim Si Wan,6
Shin Eun Soo,3
a.mond,1
Oh Yu Jin,1
Bae Hyeon Jun,1
Kim Sun Bin,1
Yoon Ye Joo,2
Lee Ha Min,1
Song Joong Ki,6
Shin Hyun Bin,5
Kim Yong Ji,1
Kang Hae Lim,1
Kim Su Yeon,1
NC.A,1
Choi Seok Won,1
Kim Rae Won,4
Son Ho Jun,6
Gong Seung Yeon,8
Lomon,2
Seo Ji Hoon,7
Chae Sang Woo,1
Lee Soo Min,2
Seo Hyun Woo,2
Lee Seo Jin,5
Joo Hyun Young,1
Go Doo Shim,5
Kang Ha Neul,4
Ha Ji Won,5
Jin Seon Kyu,2
Chang Ryul,1
Jin Goo,6
Nana,8
Yoon Hyun Suk,1
Keum Dong Hyun,1
Ha Sun Ho,1
Won Young Wook,1
Lee Hye Ri,8
Lee Jun Young,8
Ok Ja Yeon,2
Kim Hye Soo,4
Kim Hae Sook,5
Choi Won Young,8
Moon Sang Min,1
Shin Ha Kyun,5
Han Ji Min,6
Jang Seo Hee,3
Oh Chang Seok,4
Kim Gyu Seon,1
Han Ji Wan,1
Ban Hyo Jung,1
Lee Hyun Seok,1
Park Ha Na,6
Kang Ji Sub,3
Park  Yoon Jae,4
Oh Seung Ah,3
Jeon Yeo Been,3
Doh Kyung Soo,2
Lee Se Hee,2
Han Ji Hyun,1
Bae In Hyuk,4
Kim Hyun Jin,1
Jang Gyu Ri,1
Kwak Dong Yeon,5
Go Sung Hee,7
Bae Hyun Sung,2
Kang  Min Ah,3
Kim Seung Soo,2
Lee  Ha Na,7
Im Joo Hwan,9
Lee Tae Sung,4
Kim So Eun,6
Lee Yoo Jin,1
Ahn Jae Wook,2
Lee Mi Sook,2
Song Young Chang,1
Shin Goo,1
Oh Hyun Kyung,2
Kim Ji Eun,3
Namkoong Min,11
Choi Dae Hoon,3
Park Jin Woo,4
Yook Sung Jae,5
Lee Jong Won,4
Jung Chae Yeon,4
Park Min Young,7
Go Kyung Pyo,7
Kim Jae Young,6
Jung Ryeo Won,5
Lee Kyu Hyung,4
Chun Ho Jin,3
Oh Dae Hwan,2
Cha Hwa Yun,2
Lee Min Jung,3
Lee Sang Yeob,10
Jung Woo,3
Lee You Mi,1
Kwon Yool,7
Park Se Young,5
Moon You Kang,1
Ha Jung Woo,1
Hwang Jung Min,2
Jo  Woo Jin,2
Lee Seung Gi,4
Lee Se Young,9
Kim Go Eun,6
Nam Ji Hyun,6
Park Ji Hu,2
Wi Ha Joon,4
Jung Il Woo,6
Kwon Yu Ri,9
Han Ji Eun,5
Jang Gwang,2
Kim Sun Young,1
Yoon Jin Seo,4
Park Ji Yeon,5
Choi Soo Young,6
Sung Dong Il,5
Ji Chang Wook,7
Choi Daniel,4
Son Hyun Joo,6
Kim Hyo Jin,3
Kim Se Jeong,5
Nam Yoon Su,3
Lee Jong Suk,5
Ji Sung,7
Lee Soo Kyung,6
Yoo Young Jae,2
Jo Yu Ri,1
Kim Yoon Woo,1
Kim Min Ho,1
Jeon Seung Hun,1
Nam Tae Woo,1
Lee Sang Jin,1
Lee Jung Hyun,2
Lee Choong Goo,1
Jung Eugene,5
Kim Hee Sun,6
Lee Hyun Wook,3
Cha Ji Yeon,1
Kwon Ah Reum,1
Han Ji Hyo,1
Kim Do Young,1
Park Eun Bin,9
Kang Tae Oh,8
Kang Ki Young,2
Park Hye Soo,3
Jeong Jae Hyun,1
Roh Jeong Eui,4
Lee Jin Hyuk,2
Kang Mi Na,5
Seo In Guk,6
Oh Yeon Seo,7
Kwak Shi Yang,9
Kwon Soo Hyun,1
Lee Yoo Ri,7
Lee Min Young,2
Yoon So Yi,5
Chani,1
Hwiyoung,1
Jung So Min,7
Yoon  Ji Hye,1
Seo Hyun,4
Na In Woo,5
Jeon Kwang Ryul,3
Park Jin Young,5
Lee Yoo Young,5
Yeo Jin Goo,9
Son Woo Hyun,2
Kim Kang Min,4
Kim Jae Hwa,1
Yeom Jung Ah,2
Jeon So Min,6
Lee Moo Saeng,1
So Ji Sub,3
Shin Sung Rok,8
Seo Hyun Jin,8
Hwang In Youp,3
Seo Yea Ji,5
Park Byung Eun,6
Yoon Kye Sang,5
Kim Ji Suk,7
Lee Hyun Jin,1
Lee Hwi Hyang,1
Na Young Hee,1
Lee Jin Wook,8
Han Hyun Jun,1
Kim Tae Hwan,1
Yoon Kyun Sang,8
Sung Hoon,10
Shin Dong Wook,2
Choi Sung Eun,2
Yoon Doo Joon,4
Kwak Do Won,1
Han Go Eun,2
Park Won Sook,3
Jung Dong Won,1
Lee Joon,7
Kang Han Na,6
Kim Ji Young,4
Lee Kwang Soo,3
Jin Hee Kyung,3
Jung Joon Ho,4
Park Hae Jin,6
Yoon Jong Hoon,3
Kim Yoon Hye,2
Lee Jung Shin,5
Park Ji Hyun,3
Kim Moo Joon,2
Lee Byung Hun,2
Shin Min Ah,6
Cha Seung Won,4
Lee Min Ki,5
Kim Ji Won,7
Lee Kyung Young,3
Jung Sang Hoon,7
Lee Joon Gi,6
Choo Ja Hyun,3
Lee Yo Won,6
Kim Gyu Ri,1
Jang Hye Jin,2
Joo Min Kyung,1
Shin Dong Mi,1
Oh Min Suk,5
Yoon Shi Yoon,8
Bae Da Bin,1
Seo Bum June,1
Choi Ye Bin,1
Rowoon,4
Lee Soo Hyuk,7
Yun Ji On,2
Jo Hyuk Joon,1
Kang Eun Bin,1
Kim Sung Gyu,4
Jeon Yu Bin,1
Yoo Young Mo,1
Lee Jung Min,3
Min In Gi,1
Ha Do Gwon,1
Lee Won Keun,6
Kim Sung Ryung,4
Lee Hye Young,3
Kim Ha Neul,4
Kim Jae Wook,4
Krystal Jung,5
Jo Bo Ah,9
Oh Yeon Soo,1
Kim Young Min,4
Park Joo Mi,3
Kang Shin Hyo,1
Lee Ga Ryeong,4
Jeon Soo Kyung,3
Ji Young San,1
Ok Jin Uk,1
Kang Hui,1
Lee Ji Hoon,9
Han Chae Young,2
Ji Yi Soo,1
Koo Ja Sung,3
Im Sung Kyun,1
Shin Yong Seok,1
Go Ah Sung,6
Park Yong Woo,3
Cha Hun,1
Yoon Chae Kyung,2
Joo Jong Hyuk,1
Park So Eun,1
Park Jung Yeon,1
Kim Gab Soo,3
Park Hae Joon,4
Kim Ji Hyun,1
Son Ye Jin,3
Jeon Mi Do,3
Lee Si Young,6
Seo Kang Joon,8
Kim Ah Joong,3
Choi Hyun Wook,2
Nam Joo Hyuk,7
Lee Joo Myung,1
Song Kang,6
Yura,4
Park Jung Chul,1
Wang Bit Na,3
Jung Ae Ri,1
Go In Beom,1
Ji Seung Hyun,4
Ok Go Woon,1
Seo Eun Ah,2
Cho Yi Hyun,2
Kang Daniel,1
Yoo Jun,2
Hyuk,1
Kim So Jin,1
Rain,4
Uee,8
Choi  Tae Joon,4
Song Ji Eun,3
Sung Ji Ru,1
Bae Doo Na,6
Gong Yoo,2
Jun,1
Yoo Hyun Woo,1
Yoo Seung Ho,7
Byeon Woo Seok,3
Joy,3
Kim Kyung Nam,4
Kang Ye Won,2
Kwon Na Ra,6
Kim Ji Soo,8
Yoon Se Ah,6
Kim Hye Yoon,3
Go Eun Ah,1
Heo Young Ji,2
Lee Mi So,1
Son Soo Ah,1
Ham Eun Jung,4
Kim Jin Yeop,2
Hwang Shin Hye,2
Yoon Da Hoon,2
Shim Hye Jin,1
Son Sung Yoon,2
Kim Yeong Cheol,4
Park Jin Hee,6
Park Sun Young,2
Lee Kyung Hoon,1
Lee Shi Won,2
Ha Seok Jin,8
Im Hyun Joo,1
Park Soo Ae,3
Kim Kang Woo,7
Kim Mi Sook,2
Lee Yi Dam,1
Choi  Woo Shik,2
Kim Da Mi,2
Kim Sung Cheol,4
Song Yoon Ah,5
Kim Soo Hyun,3
Kim Yo Han,2
Hwang Bo Reum Byeol,1
Seo Hee Seon,1
Shim Dal Gi,1
Choi Bo Min,1
Lee Na Gyung,1
Heo Jung Hee,1
Won Jin Ah,5
Yoo Ah In,3
Yang Ik Jun,2
Park Jung Min,2
Hyung Won,2
Joo Se Bin,1
Park Eun Hye,4
Tony Ahn,1
Jo Yoo Jung,1
Ryu Eui Hyun,1
Cho Mi Yeon,1
Kim Min Ki,1
Kwon Young Eun,1
Jang Ki Yong,6
Choi Hee Seo,3
Jin Kyung,2
Im Soo Jung,3
Ahn Sol Bin,2
Han So Eun,3
EXY,1
I.L,1
Ok Taec Yeon,5
Jung In Sun,5
Han Hyo Joo,2
Baek Sung Chul,2
Lee Young Ae,2
Kim Hye Joon,2
Jo Hyun Chul,1
Cha Joo Young,1
Kim Su Hyun,2
Lee Hee Joon,2
Park Ho San,2
Ong Seong Wu,3
Jun Ji Hyun,2
Joo Ji Hoon,6
Jang Eui Soo,3
Lee Chan Hyung,1
Han So Hee,4
Go Hyun Jung,4
Bae Yoon Kyung,1
Choi Byung Chan,2
Han Da Gam,2
Han Sang Jin,2
Shim Ji Ho,3
Park Yeon Ah,1
Lee So E,1
Ma Hyun Ji,1
Jung Su Bin,1
Oh Jae Woong,1
Shin So Hyun,1
Choi Ji Su,2
Ji Hyun Woo,8
Kang Eun Tak,5
Yoo Jae Myung,5
Han Ye Ri,7
Uhm Tae Goo,2
Hwang Hee,2
Lee Ha Nee,5
Park Ha Sun,4
Lee Jung Jae,3
Jung Ho Yeon,1
Cho Yeo Jung,6
Kim Jee Soo,4
Park Se Jin,1
Gong Hyun Joo,2
Ryu Joon Yeol,3
Kim Yoo Jung,6
Gong Myung,5
Kim Seon Ho,7
Ji Jin Hee,7
Kim Hye Eun,2
Kim Bo Ra,3
Kim Hong Pa,1
Kim Sae Ron,4
Nam  Da Reum,2
Yang Hong Seok,1
Song Ji Hyo,5
Jung Yoo Min,1
Choi Myung Gil,4
So Yi Hyun,3
Shin Jung Yoon,1
Nam Gyu Ri,4
Kim Min Jung,5
Go Woo Jin,1
Lee Sae On,1
Choe Chan Yi,1
Kim Ga Eun,5
Jung Jae Young,5
Yang Hye Ji,2
Lee Yeol Eum,4
Lee Shi Ah,1
Han Hyun Min,2
Park Se Wan,4
Choi Young Jae,1
Shin Hyun Seung,1
Minnie,1
Terris Brown,1
Jo Jung Suk,6
Kim Dae Myung,2
Park Ji Hoon,3
Lee Tae Gon,2
Jeon Noh Min,2
Eugene,4
Go Sung Min,1
Min Chan Ki,2
Lee Il Hwa,3
Han Seung Yeon,5
Tang Jun Sang,2
Son Sang Yeon,1
Kim Kang Hoon,1
Kim Do Wan,1
Hong Seung Hee,1
Shin Do Hyun,2
Park Bo Young,4
Jung Ji So,2
Jeong Yun Ho,1
Go Min Si,3
Lee Joon Hyuk,9
Yeon Woo Jin,7
Ryu Hye Young,2
Kim Myung Min,3
Choi Jung Yoon,1
Ahn Jae Mo,3
Bae Seul Gi,1
Park Hyung Joon,1
Sean Richard,2
Liv Hewson,2
Justin Chon,2
Henry Lau,1
Brett Gray,1
Im Na Young,1
Kwon Hyun Bin,2
Lee Jung Sic,1
Jang Dong Joo,1
Choi Hye Jin,1
Dylan,1
Lee Hyun Ho,1
Kim Na Yun,1
Ki Do Hoon,2
Park In Hwan,1
Kim Kwang Gyu,2
Lee Bo Hee,2
Hong Eun Hee,1
Yoon Joo Sang,1
Jeon Hye Bin,6
Kim So Hyun,8
Won Tae Min,1
Song Jae Rim,7
Cha Min Ji,1
Hyun Woo,4
Lee Joo Young,2
Moon Jung Hee,3
Eum Moon Suk,1
Lee Re,2
Choi Kang Hee,6
Park Shin Hye,3
Lee So Yeon,4
Choi Yeo Jin,5
Kyung Sung Hwan,1
Lee Sang Bo,1
Choi Yoo Hwa,3
Kim Young Ah,1
Shim Eun Woo,1
Ryu Hwa Young,6
Ahn Jung Hun,1
Lee Joo Bin,1
Lee Kyu Han,3
Hur Hyun Jun,1
So Ju Yeon,4
Yeo Hoe Hyun,3
Han Se Jin,2
Ko Jae Hyun,1
Steve Noh,1
Lee Yi Kyung,7
Shin Se Kyung,6
Park You Na,1
Lee Sang,1
Kang In Soo,1
Kim Noh Jin,1
Han Sung Yun,1
Lee Han Ik,1
Go Jun,3
Yoon Sun Woo,1
Cho Byeong Kyu,3
Ahn Suk Hwan,1
Kim Sa Rang,2
Jung Man Shik,2
Jung Da Bin,2
Noh Jong Hyun,2
Yoon Bo Mi,1
Gong Min Jung,1
Uhm Ji Won,4
Choi Ri,3
Jung Woong In,6
Kwon Sang Woo,3
Bae Sung Woo,2
Jung Woo Sung,1
Kim Joo Hyun,3
Lee Jin Sol,1
Kim Joon Kyung,1
Lee Seo Bin,1
Jung Jay,1
Eric Mun,3
Bae Suzy,4
Tae Won Seok,2
Go Ah Ra,5
Kim Jung Eun,3
Kim Dong Jun,4
Choi Chan Ho,1
Baek Soo Min,1
Jung Yu Mi,2
Yoon Sang Hyun,5
Jeong Bo Seok,1
Jeon In Hwa,2
Cheon Seung Ho,1
Yeon Je Hyung,1
Oh Dong Min,1
Shin Se Hwi,1
Park Seung Ji,1
Lee Shi Kang,3
Uhm Hyun Kyung,6
Park Bo Gum,5
Park So Dam,4
Kwon Hwa Woon,1
Yeon Jung Hoon,5
Im Ju Eun,3
Go Na Hee,1
Lee Ruby,1
Kim Young Hoon,2
Song Geon Hee,1
Lee Da In,1
Seola,1
Song Chae Yun,1
An So Jin,1
Jung Young Ki,1
Joo Bo Bi,1
Hwang Seung Eon,4
Choi Moo Sung,2
Park Geon Il,1
Hong Bi Ra,1
Lee Hyun Yi,1
Son Se Bin,1
Kim Jung Young,1
Im Hwa Young,1
Shin So Yool,2
Bae Soo Bin,4
Song Jong Ho,2
Kim Min Joon,1
Hwang Jung Eum,6
Jo Woo Ri,2
Lee Elijah,8
Ahn Nae Sang,2
Yoo Da In,2
Shim Yi Young,4
Choi Sung Jae,3
Jin Ye Sol,2
Won Ki Joon,1
Kim Do Yeon,1
Kim Min Kyu,1
Do Sang Woo,3
Bae Noo Ri,2
Shin Jae Ha,3
Won Mi Kyung,1
Kang Ji Young,1
Yoon Gyung Ho,1
Han Gi Chan,1
Kim Eung Soo,2
Park Shi Hoo,5
Sung Hyuk,2
Tae In Ho,1
Park Ye Jin,1
Jung So Ri,1
Park Joon Mok,1
Kim Young,1
Moon Bo Ryung,2
Hyun Jyu Ni,1
Lee Jae Hwang,3
Kim Hyung Beom,1
Kim Dong Hee,1
Yoo In Young,5
Jin Se Yeon,6
Lee Jung Jin,2
Jung Eun Chae,2
Lee Min Ho,2
Lee Shin Young,1
Kim So Hye,3
Park Young Rin,2
Go Se Won,3
Kang Tae Sung,2
Lee Chang Wook,4
Park Sun Ho,5
Jo Dong Hyuk,2
Jung Hye In,2
Kim Min Sang,1
Ryu Deok Hwan,4
Ahn Ji Ho,1
Seo Woo Jin,1
Jo Min Soo,1
Park Seo Joon,6
Jung Yeon Joo,1
Noh Kwang Shik,1
Suho,3
Shim Eun Kyung,1
Lee Tae Hwan,3
One,1
Lee Chang Hoon,1
Lee Sang Hee,2
Jeon Sung Woo,1
Lee Si Eon,2
Hyun Bin,3
Min Jin Woong,1
Kim Seul Gi,4
Ahn Jae Hyun,5
Gu Won,2
Heo Jung Min,2
Chae Seo Jin,3
Kim Soo An,1
Jo A Young,1
Jung Shin Hye,1
Kim Hyung Suk,1
Kim Heung Soo,1
Oh Chae Yi,1
Lee Hae Woo,2
Oh Ji Ho,6
Youn Yuh Jung,2
Song Won Seok,4
Moon Geun Young,2
Kim Kwon,2
Yang Se Jong,4
Lee Na Eun,2
Jo Yoon Hee,3
Jang Hyun Sung,2
Choi Gwi Hwa,2
Kim Tae Hoon,4
Jang Mi Hee,3
Park Hee Bon,2
Gong Hyo Jin,3
Jang Dong Gun,4
Bae Jong Ok,4
Kang Dae Hyun,1
Kim Da Ye,1
Shin  Won Ho,1
Lee Ho Won,3
Ahn Jae Hong,2
Lee Seol,2
Hong Ji Yoon,2
Jung Young Joo,1
Han Ji Hye,2
Oh Ji Eun,3
Choi Kyu Jin,1
Lee Ki Woo,5
Park Shi Eun,2
Kim Ho Jin,1
Seo Hye Jin,1
Kang Suk Jung,1
IU,4
Do Won,3
New Sun,1
Kim Ye Ji,1
Ki Tae Hwa,1
Jang Moon Bok,1
Han Bo Reum,2
Kang Ji Hwan,4
Seo Ji Suk,3
Ha Shi Eun,1
Ha Jae Sook,1
Oh Man Suk,2
Jung Yoo Mi,5
Noh Min Woo,2
Kam Woo Sung,2
Kim Joon Han,2
Kim  Bo Mi,1
Kim Hye Sun,1
Shin Da Eun,3
Ahn Yun Hong,1
Son Woo Hyeok,1
Choi Moon Hee,1
Park Soo Young,1
Jung Sung Ho,1
Hong Seo Young,2
Choi Sung Won,1
Kim Jae Kyung,2
Han Soo Yeon,2
Kim Dong Wan,1
Kim Hwan Hee,1
Na Jae Min,1
Kim Ji In,1
Kim Yoo Jin,1
Kim Tae Woo,3
Kim Sang Joong,2
Chae Shi Ra,3
Yoo Dong Geun,2
Ki Tae Young,1
Kim Ha Kyung,1
Nam Ki Ae,1
Joo Jin Mo,4
Han Ye Seul,3
Kim Hee Won,2
Song Sae Byuk,1
Go Joon Hee,3
Ryu Soo Young,4
Park Han Byul,3
Choi Woong,1
Jung Hye Sung,6
Lee Hong Ki,2
Moon Soo Bin,1
Kim Hye Ja,3
Lee Seung Joon,4
Kim Hyun Sook,4
Lee Na Young,1
Ryu Seung Ryong,1
Choi Byung Mo,1
Mina,1
Jae Hee,2
Jo An,2
Kim Hyung Min,1
Park Shin Yang,2
Kim Jin Woo,2
Ha Yun Joo,4
Jin Tae Hyun,1
Joo Woo Jae,1
Lee Joo Seung,1
Lee Sung Jong,1
Jang Hee Ryung,2
Bae Woo Hee,1
Kang Yul,1
Lee Min Hyuk,3
Baek Seo Yi,1
Kwon Young Min,1
Kim Gun Woo,1
Kim Min Young,1
Yong Jun Hyung,1
Bang Eun Hee,1
Seo Do Young,5
Im Yoon Ho,1
Hwang Bo Mi,1
Lee Chun Hee,1
Lee Tae Ran,2
Shin Eun Kyung,2
Yoon Joo Hee,2
Baek Jin Hee,5
Kim Jong Hoon,1
Chun Jung Myung,3
Yoon Eun Hye,1
In Gyo Jin,1
Kim Hyun Joong,1
Ahn  Ji Hyun,1
So Yoo Jin,2
Kim Hyun Joon,1
Choi Kwang Je,1
Kim Yoon Jin,1
Seungri,1
Son Yeo Eun,1
Kim Won Hae,1
Song  Jae Hee,2
Uhm Ki Joon,3
Im Se Mi,3
Yoo Sun Ho,1
Kim Nam Joo,2
Ahn Hyung Sub,1
Na Hye Mi,1
Choi Soo Jong,1
Yoon Jin Yi,1
Jung Eun Woo,2
Shin Dong Yup,1
Lee  Joo Yeon,3
Ha Hee Ra,3
Ahn Sun Young,1
Go Eun Mi,1
Song Chang Eui,3
Ji Min Hyuk,1
Ahn Seo Hyun,1
Samuel,1
Lee Gi Kwang,3
Yoon So Hee,4
Kim Young Ok,1
Hong Bin,2
Go Soo Hee,1
Hong Soo Ah,1
Lee Young Ah,1
Nam Sang Mi,2
Jo Hyun Jae,2
Byun Yo Han,3
Jeon Soo Jin,1
Lee Joong Moon,1
Seo Hae Won,1
Bu Bae,1
Kim Hyun Mok,1
Choi Woo Jung,1
Park Hwan Hee,1
Yoo Oh Sung,3
Woo Hee Jin,3
Lee In Hye,1
Alex,1
Park Joon Hyuk,1
Ha Yeon Soo,2
Jin Joo Hyung,1
Han Ga In,1
Gu Jae Yi,1
Jang Geun Suk,2
Lee Yoo Bi,3
Lee  Jong Hyun,4
Lee Da Hae,1
Shim Hee Sub,2
Park Shi Yeon,2
Son Seung Won,2
Jo Jae Hyun,3
Heo Yool,1
Gong Yoo Rim,1
No Seong Su,1
Ahn Shi Eun,1
Choi Hee Jin,1
Lee Ho Jung,1
Brian Joo,1
Park Joong Hoon,1
Park Young Gyu,2
Park Hae Mi,1
Kwon Oh Jung,1
Han Young,1
Oh Dae Gyu,2
Kang Seo Joon,1
Ban So Young,1
Kang Hye Jung,1
Go Na Yeon,1
Lee Su Hyun,1
Kim Hee Jung,1
Kim Min Kyo,1
Kwon Young Deuk,1
Dong Ha,1
Na Hae Ryung,3
Kim  Hae In,1
Lee Sung Yeol,1
Lee Dong Ha,2
Han Hye Rin,2
Lee Soon Jae,2
Lee Seo Won,3
Do Ji Won,2
Park  Sang Min,1
Park Sung Woo,1
Cha Jung Won,1
Baek Seung Hwan,1
Jo Jae Yoon,1
Kim Hye Sung,1
Ahn Se Ha,1
Ryu Hyun Kyung,2
Kim Jin Kyung,1
Kai,1
Lee Ye Hyun,1
Baek Chul Min,1
Kang Se Jung,1
Park Jung Ah,1
Kim Da Hyun,1
Yang Dong Geun,1
Choi Jung Won,3
Min Do Hee,1
Seo Young Joo,2
Yang Byeong Yeol,1
Ryu Seung Soo,3
Nichkhun,1
Kim  Joo Hyuk,1
Ohn Joo Wan,3
Shim Hyung Tak,4
Seo Hyo Rim,2
Ji Woo,2
Choi A Ra,1
Kwak Hee Sung,2
Yoon Da Young,1
Hong Ah Reum,2
Kang Da Bin,1
Kim Jae Joong,2
Joo Eo Jin,1
Go Yoon,1
Moon Sung Geun,1
Han Joo Wan,2
Kim Byung Chun,1
Lee Tae Im,2
Lee Jae Woo,1
Yoo Geon,1
Kang Kyung Joon,2
Cha Do Jin,3
Do Ji Han,1
Nam Bo Ra,2
Key,1
Song Sun Mi,1
Kang Sung Yun,2
Lee Pil Mo,2
Park Chul Min,1
Kim So Ri,1
Heo Young Joo,1
Lee Ye Eun,1
Lee Su Ji,1
Teramoto Yukika,1
Gu Bon Seung,1
Choi Yoon So,1
Jung Da Sol,1
Jo Yoon Woo,1
Lee Hyun Jae,1
Lee Hyun Woo,2
Gu Hye Seon,2
Jung Gyu Woon,2
Kim Joo Young,1
Cho Hye Jin,1
Go So Young,1
Park Hyuk Kwon,1
Kim Ji Min,1
Kang  Dong Ho,1
Kim Min Seo,1
Na Ya,1
Heo Young Ran,1
Lee In,1
Kim Hyun Soo,1
Yoon Seung Ah,1
Wang Ji Hye,2
Kim Min Soo,3
Lee Young Eun,1
Kim  Mi Kyung,1
Lee Yoon Ji,2
Jo Yeon Ho,1
Lee Ha Yul,2
Heo Jung Eun,1
Lee Jae Yoon,3
Jin Yi Han,2
Son Ga Young,1
Jo Jin Woong,2
Kang  Byul,3
Sun Woo Jae Duk,1
Kwon Hyun Sang,1
Kwon BoA,1
Choi Tae Hwan,1
Shin Suk Chul,1
Kang So Yeon,1
Choi Ji Woo,2
Kim Sun Woong,1
Yoon Ah Jung,1
Kim Hye Ji,1
Lee Min Woo,1
Noh Young Hak,1
Cha In Pyo,1
Choi Min,2
Jung Heon,1
Kim Yun Seo,1
Uhm Tae Woong,1
Lee Hoon,1
Ma Dong Seok,1
Heo Yi Jae,1
Kim Seo Ra,1
Nam Tae Hyun,2
Kim Soo Yeon,1
Park Min Ji,1
Go Woo Ri,1
Kim Jeong Hoon,1
Na Moon Hee,1
Hyun Woo Sung,1
Sung Yoo Ri,1
Kim Min Jong,2
Shin Rin Ah,1
Jung Yi Yeon,2
Ji Eun Sung,1
Kim In Kwon,1
Kim Soo Ro,1
Kang Boo Ja,1
Hong Yo Sub,1
Seo Joon Young,1
Jung Jin Woon,1
Lee Joo Hyung,1
Seo In Young,1
Seo Ha Joon,1
Yang  Jin Sung,2
Park Soon Chun,1
Song Il Gook,1
Jung Yoon Suk,1
Yoo Ji In,1
Kang Min Kyung,1
Jung Chan,1
Cho Hye Jung,2
Choi Phillip,1
Song Won Geun,1
Yoo Ho Rin,1
Lee  Jae Joon,2
Seo Yi Ahn,1
Choi Jong Hoon,1
Park Doo Shik,1
Han Chae Ah,1
Im Seul Ong,2
Kim Suk Hoon,1
Choi Ye Seul,1
Son Chang Min,1
Seo Yoon Ah,1
Rocky,1
MJ,1
Moon Bin,1
Jin Jin,1
Park Jeong Hwa,1
Park Eun Seok,1
Kim Jung Seok,1
Jung Il Hoon,1
Go Hyun,1
Lee Chul Woo,1
Lee Bum Soo,1
Shim Chang Min,1
Kim Seung Woo,1
Son Dam Bi,1
Choo Soo Hyun,1
Kim Hye Ri,1
Hwang Woo Seul Hye,1
Hwang Dong Joo,1
Yun Woon Kyung,1
Jeon Won Joo,1
Heo Jin,1
Nam Neung Mi,1
Baek Soo Ryun,1
Kim Hye Ok,1
Kim Min Kyung,1
Yoon Jong Hwa,1
Jang Ji Eun,1
Kim Min Ji,1
Kim Yoo Suk,1
Ahn Jae Min,1
Baek Seung Hee,1
Wang Ji Won,1
Yoo Byung Jae,1
Kim Chang Hwan,1
Jung Yoon Hak,1
Jung Joon Young,1
Terada Takuya,1
Park Yoo Chun,1
Yoo Ho Jung,1
Jang Shin Young,1
Min Hyo Rin,1
Yoon Hee Seok,1
Yoon Son Ha,1
Park Tam Hee,1
Oh  Gwang Rok,1
Kim Bo Yun,1
Shin Min Soo,1
Oh  Sang Jin,1
